predict_cluster_gmm,burger,fries,salad,shake,hour,store_1,store_2,store_3,store_4,store_5,store_6,store_7,store_8,store_9
0,1.7367638205191769,1.7937812090519532,0.057017388532776145,0.3258490632857598,0.1880157240500053,871.0,11178.0,901.0,834.0,632.0,11209.0,801.0,905.0,906.0
1,3.1755451004198916,3.3775484393180553,0.2020033388981636,2.82220367278798,18.737517073911064,1319.0,3074.0,1374.0,9124.0,1226.0,3271.0,9224.0,1701.0,9221.0
2,0.3392907009215303,2.2370535852803375,1.8977628843588072,0.11328306804430792,12.212944863321853,6418.0,1347.0,6437.0,1318.0,6279.0,1272.0,1272.0,6557.0,1329.0
